Name,Item,OrderDate,Region,Units
Jones,Pencil,1/6/19,East,95
Kivell,Binder,1/23/19,Central,50
Jardine,Pencil,2/9/19,Central,36
Gill,Pen,2/26/19,Central,27
Sorvino,Pencil,3/15/19,West,56
Jones,Binder,4/1/19,East,60
Andrews,Pencil,4/18/19,Central,75
Jardine,Pencil,5/5/19,Central,90
Thompson,Pencil,5/22/19,West,32
Jones,Binder,6/8/19,East,60
Morgan,Pencil,6/25/19,Central,90
Howard,Binder,7/12/19,East,29
Parent,Binder,7/29/19,East,81
Jones,Pencil,8/15/19,East,35
Smith,Desk,9/1/19,Central,2
Jones,Pen Set,9/18/19,East,16
Morgan,Binder,10/5/19,Central,28
Jones,Pen,10/22/19,East,64
Parent,Pen,11/8/19,East,15
Kivell,Pen Set,11/25/19,Central,96
Smith,Pencil,12/12/19,Central,67
Parent,Pen Set,12/29/19,East,74
Gill,Binder,1/15/20,Central,46
Smith,Binder,2/1/20,Central,87
Jones,Binder,2/18/20,East,4
Sorvino,Binder,3/7/20,West,7
Jardine,Pen Set,3/24/20,Central,50
Andrews,Pencil,4/10/20,Central,66
Howard,Pen,4/27/20,East,96
Gill,Pencil,5/14/20,Central,53
Gill,Binder,5/31/20,Central,80
Kivell,Desk,6/17/20,Central,5
Jones,Pen Set,7/4/20,East,62
Morgan,Pen Set,7/21/20,Central,55
Kivell,Pen Set,8/7/20,Central,42
Sorvino,Desk,8/24/20,West,3
Gill,Pencil,9/10/20,Central,7
Sorvino,Pen,9/27/20,West,76
Thompson,Binder,10/14/20,West,57
Andrews,Pencil,10/31/20,Central,14
Jardine,Binder,11/17/20,Central,11
Jardine,Binder,12/4/20,Central,94
Andrews,Binder,12/21/20,Central,28
Morgan,Notebook,1/7/21,East,120
Jones,Eraser,1/21/21,Central,240
Gill,Highlighter,2/3/21,West,85
Thompson,Marker,2/16/21,Central,110
Parent,Stapler,3/2/21,East,38
Howard,Staples,3/15/21,Central,180
Jardine,Paper Clips,3/29/21,West,260
Kivell,Push Pins,4/11/21,East,140
Sorvino,Scissors,4/24/21,Central,42
Smith,Tape Dispenser,5/7/21,West,33
Morgan,Transparent Tape,5/20/21,Central,150
Jones,Masking Tape,6/2/21,East,95
Gill,Glue Stick,6/15/21,Central,210
Andrews,Ruler,6/28/21,West,130
Parent,Protractor,7/12/21,East,105
Howard,Calculator,7/25/21,Central,28
Jardine,Sticky Notes,8/7/21,West,190
Kivell,Index Cards,8/20/21,Central,160
Sorvino,File Folders,9/2/21,East,75
Smith,Envelopes,9/15/21,West,220
Morgan,Pencil,9/28/21,Central,88
Jones,Binder,10/11/21,East,53
Gill,Pen,10/24/21,Central,70
Thompson,Desk,11/6/21,West,3
Parent,Pen Set,11/19/21,East,64
Howard,Notebook,12/2/21,Central,95
Jardine,Eraser,12/15/21,West,180
Kivell,Highlighter,12/28/21,Central,92
Sorvino,Marker,1/10/21,West,120
Smith,Stapler,1/23/21,Central,41
Andrews,Staples,2/5/21,East,175
Jones,Paper Clips,2/18/21,Central,240
Gill,Push Pins,3/3/21,West,150
Thompson,Scissors,3/16/21,East,46
Parent,Tape Dispenser,3/29/21,Central,36
Howard,Transparent Tape,4/11/21,West,170
Jardine,Masking Tape,4/24/21,Central,88
Kivell,Glue Stick,5/7/21,East,220
Sorvino,Ruler,5/20/21,Central,125
Smith,Protractor,6/2/21,West,108
Morgan,Calculator,6/15/21,East,31
Jones,Sticky Notes,6/28/21,Central,205
Gill,Index Cards,7/11/21,West,165
Thompson,File Folders,7/24/21,Central,82
Parent,Envelopes,8/6/21,East,240
Howard,Pen,8/19/21,Central,63
Jardine,Pencil,9/1/21,West,77
Kivell,Binder,9/14/21,Central,59
Sorvino,Pen Set,9/27/21,West,58
Smith,Notebook,10/10/21,Central,102
Andrews,Eraser,10/23/21,East,190
